{"cameraMode":{"drawMode":0,"name":"Shaded","section":"Shading Mode"},"sceneLighting":true,"audioPlay":false,"sceneViewState":{"showFog":true,"showMaterialUpdate":false,"showSkybox":true,"showFlares":true,"showImageEffects":true,"showParticleSystems":true},"in2DMode":false,"pivot":{"x":-1.6116328239440919,"y":0.15335988998413087,"z":-0.3219900131225586},"rotation":{"x":0.12039537727832794,"y":-0.8206800818443298,"z":0.1878334879875183,"w":0.5260302424430847},"size":7.517597198486328,"orthographic":false}